City_ID,City,Lat,Lng,Max Temp,Humidity,Cloudiness,Wind Speed,Weather Description,Snowfall,Rainfall,Country
0,Cape Town,-33.93,18.42,59.0,93,75,28.86,light rain,0,0.0,ZA
1,Charters Towers,-20.1,146.27,64.13,33,53,17.25,broken clouds,0,0.0,AU
2,Norman Wells,65.28,-126.83,66.2,63,75,5.82,broken clouds,0,0.0,CA
3,San Cristobal,7.77,-72.22,65.16,86,100,1.41,overcast clouds,0,0.0,VE
4,Bluff,-46.6,168.33,47.5,69,100,11.52,overcast clouds,0,0.0,NZ
5,Mar Del Plata,-38.0,-57.56,42.8,60,0,23.04,clear sky,0,0.0,AR
6,Arraial Do Cabo,-22.97,-42.03,72.46,78,92,13.87,overcast clouds,0,0.0,BR
7,Rikitea,-23.12,-134.97,71.11,74,48,13.58,scattered clouds,0,0.0,PF
8,Albany,42.6,-73.97,78.01,54,95,4.7,overcast clouds,0,0.0,US
9,Ortakoy,38.74,34.04,71.6,53,0,2.24,clear sky,0,0.0,TR
10,Moussoro,13.64,16.49,83.98,52,30,11.43,scattered clouds,0,0.0,TD
11,Wagrowiec,52.81,17.2,55.99,71,1,5.82,clear sky,0,0.0,PL
12,Ust-Kut,56.79,105.77,73.29,45,0,2.82,clear sky,0,0.0,RU
13,Qaanaaq,77.48,-69.36,44.62,67,98,2.15,overcast clouds,0,0.0,GL
14,Ilanskiy,56.24,96.06,64.74,73,49,7.18,scattered clouds,0,0.0,RU
15,Roald,62.58,6.13,51.8,76,45,4.7,scattered clouds,0,0.0,NO
16,La Ronge,55.1,-105.28,68.0,82,75,6.93,light intensity shower rain,0,0.0,CA
17,Tuktoyaktuk,69.45,-133.04,57.2,62,75,10.29,broken clouds,0,0.0,CA
18,Jamestown,42.1,-79.24,70.0,73,1,6.93,clear sky,0,0.0,US
19,Provideniya,64.38,-173.3,50.0,81,40,15.66,fog,0,0.0,RU
20,Esperance,-33.87,121.9,48.2,61,0,20.8,clear sky,0,0.0,AU
21,Ouadda,8.08,22.4,66.92,94,100,2.28,light rain,0,0.2,CF
22,Hithadhoo,-0.6,73.08,84.56,73,42,10.29,scattered clouds,0,0.0,MV
23,Ushuaia,-54.8,-68.3,35.6,80,40,18.34,scattered clouds,0,0.0,AR
24,Methoni,36.82,21.7,77.0,82,20,2.3,few clouds,0,0.0,GR
25,Hobart,-42.88,147.33,46.99,81,75,5.82,broken clouds,0,0.0,AU
26,Vaini,-21.2,-175.2,71.26,77,98,27.56,overcast clouds,0,0.0,TO
27,Bredasdorp,-34.53,20.04,62.6,48,95,19.46,moderate rain,0,2.84,ZA
28,Arica,-18.48,-70.3,59.0,77,35,6.93,scattered clouds,0,0.0,CL
29,Comodoro Rivadavia,-45.87,-67.5,41.0,60,3,16.11,clear sky,0,0.0,AR
30,East London,-33.02,27.91,60.12,35,0,15.28,clear sky,0,0.0,ZA
31,Sao Filipe,14.9,-24.5,74.86,83,100,3.89,overcast clouds,0,0.0,CV
32,Khatanga,71.97,102.5,60.35,63,58,17.96,broken clouds,0,0.0,RU
33,Sisimiut,66.94,-53.67,49.78,66,87,12.33,overcast clouds,0,0.0,GL
34,Souillac,-20.52,57.52,69.8,83,75,12.75,shower rain,0,0.0,MU
35,Katobu,-4.94,122.53,81.21,75,38,9.06,scattered clouds,0,0.0,ID
36,Oistins,13.07,-59.53,82.4,78,20,14.99,few clouds,0,0.0,BB
37,Vung Tau,10.35,107.08,81.5,77,97,3.22,overcast clouds,0,0.0,VN
38,Mataura,-46.19,168.86,43.57,86,94,4.52,overcast clouds,0,0.0,NZ
39,Gimbi,9.17,35.83,56.14,100,100,2.19,moderate rain,0,1.39,ET
40,Punta Arenas,-53.15,-70.92,35.01,83,24,8.05,few clouds,0,0.0,CL
41,Touros,-5.2,-35.46,71.6,94,20,3.36,few clouds,0,0.0,BR
42,Flinders,-34.58,150.86,60.01,72,0,8.99,clear sky,0,0.0,AU
43,Tukums,56.97,23.16,46.4,100,7,3.36,clear sky,0,0.0,LV
44,Nikolskoye,59.7,30.79,51.8,81,0,1.23,fog,0,0.0,RU
45,Ambon,-3.7,128.18,79.0,14,100,18.16,moderate rain,0,1.07,ID
46,Baton Rouge,30.45,-91.15,90.0,62,1,6.93,clear sky,0,0.0,US
47,Lagos,6.58,3.75,77.0,94,20,3.36,few clouds,0,0.0,NG
48,Port Alfred,-33.59,26.89,59.07,34,0,9.01,clear sky,0,0.0,ZA
49,Porbandar,21.64,69.61,83.07,82,40,13.53,light rain,0,0.15,IN
50,Bilma,18.69,12.92,86.65,36,37,8.23,scattered clouds,0,0.0,NE
51,Ponta Do Sol,32.67,-17.1,68.0,68,20,16.11,few clouds,0,0.0,PT
52,Luderitz,-26.65,15.16,51.8,87,0,5.82,clear sky,0,0.0,NA
53,Amarillo,35.22,-101.83,102.2,15,1,20.8,clear sky,0,0.0,US
54,Krasnoselkup,65.7,82.47,60.69,60,100,9.66,overcast clouds,0,0.0,RU
55,Barrow,71.29,-156.79,39.2,80,90,9.17,overcast clouds,0,0.0,US
56,Cidreira,-30.18,-50.21,55.35,87,21,7.0,few clouds,0,0.0,BR
57,Necochea,-38.55,-58.74,35.01,81,0,4.0,clear sky,0,0.0,AR
58,Ulsteinvik,62.34,5.85,51.8,76,45,4.7,scattered clouds,0,0.0,NO
59,Butaritari,3.07,172.79,83.79,76,74,12.53,light rain,0,0.15,KI
60,Port-Gentil,-0.72,8.78,74.05,87,100,13.13,overcast clouds,0,0.0,GA
61,Dunedin,-45.87,170.5,46.99,61,0,13.0,clear sky,0,0.0,NZ
62,Bodden Town,19.28,-81.25,84.99,74,20,5.82,few clouds,0,0.0,KY
63,Faya,18.39,42.45,68.02,29,81,2.89,broken clouds,0,0.0,SA
64,Qaqortoq,60.72,-46.03,51.8,57,100,4.7,light rain,0,0.22,GL
65,Thompson,55.74,-97.86,71.6,60,75,6.93,broken clouds,0,0.0,CA
66,Banda Aceh,5.56,95.32,81.27,69,100,3.47,overcast clouds,0,0.0,ID
67,Vostok,46.49,135.88,66.96,85,77,2.77,light rain,0,0.57,RU
68,Carberry,49.87,-99.36,78.8,50,75,13.87,broken clouds,0,0.0,CA
69,Saint-Philippe,-21.36,55.77,66.2,72,46,8.05,light rain,0,0.59,RE
70,Atuona,-9.8,-139.03,79.52,77,1,19.64,clear sky,0,0.0,PF
71,Pyaozerskiy,65.83,31.17,48.09,84,0,2.35,clear sky,0,0.0,RU
72,Hilo,19.73,-155.09,84.2,58,20,9.17,few clouds,0,0.0,US
73,Alugan,12.22,125.48,84.47,68,100,4.68,overcast clouds,0,0.0,PH
74,Blyth,55.13,-1.51,57.0,66,100,4.7,overcast clouds,0,0.0,GB
75,Saint George,37.1,-113.58,108.0,12,1,16.11,clear sky,0,0.0,US
76,Hambantota,6.12,81.12,78.8,100,75,9.17,broken clouds,0,0.0,LK
77,Lasa,46.62,10.7,51.8,87,5,3.36,clear sky,0,0.0,IT
78,Chokurdakh,70.63,147.92,72.61,43,40,8.59,scattered clouds,0,0.0,RU
79,Alma,48.55,-71.65,69.01,82,75,10.29,broken clouds,0,0.0,CA
80,Isiro,2.77,27.62,66.16,98,100,0.65,overcast clouds,0,0.0,CD
81,Busselton,-33.65,115.33,59.0,69,100,12.8,light rain,0,0.3,AU
82,New Norfolk,-42.78,147.06,45.0,91,0,1.01,clear sky,0,0.0,AU
83,Victoria,22.29,114.16,89.01,70,1,5.01,clear sky,0,0.0,HK
84,Shiyan,32.65,110.78,69.53,88,100,2.46,light rain,0,0.12,CN
85,Lebu,-37.62,-73.65,48.43,89,100,8.43,overcast clouds,0,0.0,CL
86,Port Elizabeth,-33.92,25.57,62.6,29,0,11.41,clear sky,0,0.0,ZA
87,Hofn,64.25,-15.21,51.66,87,100,6.96,light rain,0,0.41,IS
88,Seoul,37.57,126.98,68.0,93,90,3.36,light rain,0,0.0,KR
89,Gamba,-2.65,10.0,71.1,91,99,6.85,overcast clouds,0,0.0,GA
90,Hermanus,-34.42,19.23,55.0,85,100,5.01,light rain,0,0.75,ZA
91,Bria,6.54,21.99,68.5,95,100,2.08,light rain,0,0.3,CF
92,Sawakin,19.11,37.33,85.8,45,38,9.46,scattered clouds,0,0.0,SD
93,Kodiak,57.79,-152.41,57.2,62,90,9.17,overcast clouds,0,0.0,US
94,Buraydah,26.33,43.98,89.04,17,38,11.99,scattered clouds,0,0.0,SA
95,Pokaran,26.92,71.92,85.05,63,100,15.12,overcast clouds,0,0.0,IN
96,Scarborough,54.28,-0.4,55.0,86,90,6.71,overcast clouds,0,0.0,GB
97,San Bartolome Jocotenango,15.19,-91.08,57.99,76,0,3.67,clear sky,0,0.0,GT
98,Carnarvon,-24.87,113.63,59.0,93,0,4.7,clear sky,0,0.0,AU
99,Leningradskiy,69.38,178.42,43.48,69,83,10.89,broken clouds,0,0.0,RU
100,Kawambwa,-9.79,29.08,60.91,57,0,9.53,clear sky,0,0.0,ZM
101,Brae,60.4,-1.35,53.6,87,100,12.75,overcast clouds,0,0.0,GB
102,Gilgit,35.92,74.31,74.08,36,38,3.49,light rain,0,0.21,PK
103,Labuhan,-6.88,112.21,78.44,79,100,7.65,overcast clouds,0,0.0,ID
104,Georgetown,5.41,100.34,80.6,94,20,5.12,few clouds,0,0.0,MY
105,Avarua,-21.21,-159.78,68.0,94,100,3.36,moderate rain,0,0.0,CK
106,Longyearbyen,78.22,15.64,46.4,75,75,2.24,broken clouds,0,0.0,SJ
107,Pevek,69.7,170.31,49.57,70,55,6.15,broken clouds,0,0.0,RU
108,Andenes,69.31,16.12,50.0,87,61,4.7,broken clouds,0,0.0,NO
109,Zauralskiy,54.79,61.24,60.8,72,18,5.66,few clouds,0,0.0,RU
110,Muravlenko,63.79,74.52,57.36,85,100,13.15,light rain,0,0.3,RU
111,Chuy,-33.7,-53.46,44.2,71,81,9.15,broken clouds,0,0.0,UY
112,Kapaa,22.08,-159.32,82.4,69,40,20.8,light rain,0,0.25,US
113,Juegang,32.32,121.19,74.97,92,100,11.63,overcast clouds,0,0.0,CN
114,Maragogi,-9.01,-35.22,74.3,83,0,8.95,light rain,0,0.12,BR
115,Vardo,70.37,31.11,46.65,90,0,2.24,clear sky,0,0.0,NO
116,Mikuni,36.22,136.15,71.6,73,90,1.12,overcast clouds,0,0.0,JP
117,Ayan,56.45,138.17,55.49,84,96,9.64,overcast clouds,0,0.0,RU
118,Pitimbu,-7.47,-34.81,73.4,88,0,4.7,clear sky,0,0.0,BR
119,Cabo San Lucas,22.89,-109.91,95.0,41,40,11.41,scattered clouds,0,0.0,MX
120,Teguise,29.06,-13.56,71.6,78,1,13.87,clear sky,0,0.0,ES
121,Saldanha,-33.01,17.94,57.2,93,90,17.22,overcast clouds,0,0.0,ZA
122,Nhulunbuy,-12.23,136.77,78.8,54,75,26.4,broken clouds,0,0.0,AU
123,Inhambane,-23.86,35.38,59.41,76,16,6.42,few clouds,0,0.0,MZ
124,Skibbereen,51.55,-9.27,57.2,93,90,12.75,overcast clouds,0,0.0,IE
125,Bambari,5.77,20.68,71.51,94,100,2.57,overcast clouds,0,0.0,CF
126,Bay Roberts,47.6,-53.26,60.01,1,100,13.31,moderate rain,0,1.31,CA
127,Kribi,2.95,9.92,75.16,91,86,6.64,light rain,0,0.27,CM
128,Doka,13.52,35.77,70.68,89,100,17.18,overcast clouds,0,0.0,SD
129,Tangshan,39.63,118.18,77.83,63,99,2.82,light rain,0,0.15,CN
130,Lins,-21.68,-49.74,70.66,52,0,3.51,clear sky,0,0.0,BR
131,Cockburn Town,21.46,-71.14,83.25,79,14,16.33,few clouds,0,0.0,TC
132,Yellowknife,62.46,-114.35,71.6,49,75,3.36,broken clouds,0,0.0,CA
133,Codrington,-38.27,141.97,54.18,80,0,5.77,clear sky,0,0.0,AU
134,Tumen,42.97,129.84,68.72,70,100,4.85,overcast clouds,0,0.0,CN
135,Portland,45.52,-122.68,75.99,44,20,9.17,few clouds,0,0.0,US
136,Mehamn,71.04,27.85,47.46,84,0,4.43,clear sky,0,0.0,NO
137,Talcahuano,-36.72,-73.12,53.6,100,90,4.7,mist,0,0.0,CL
138,Vanimo,-2.67,141.3,82.24,78,92,1.34,light rain,0,0.83,PG
139,Sitka,57.05,-135.33,57.2,76,90,9.17,overcast clouds,0,0.0,US
140,Narsaq,60.92,-46.05,51.8,57,100,4.7,light rain,0,0.47,GL
141,Nelidovo,56.22,32.78,51.17,88,100,2.51,overcast clouds,0,0.0,RU
142,Leeton,-34.57,146.4,48.2,100,90,3.36,overcast clouds,0,0.0,AU
143,Dingle,11.0,122.67,84.13,75,100,3.36,light rain,0,0.53,PH
144,Cherskiy,68.75,161.3,54.3,86,100,3.65,overcast clouds,0,0.0,RU
145,Torbay,47.67,-52.73,55.99,93,90,23.04,overcast clouds,0,0.0,CA
146,Esil,51.96,66.4,65.66,76,0,5.57,clear sky,0,0.0,KZ
147,Hobyo,5.35,48.53,78.53,78,67,17.47,broken clouds,0,0.0,SO
148,Banjar,-8.19,114.97,77.0,100,75,3.36,broken clouds,0,0.0,ID
149,Sibolga,1.74,98.78,75.22,85,100,6.2,light rain,0,0.94,ID
150,Port Augusta,-32.5,137.77,51.8,93,90,3.36,overcast clouds,0,0.0,AU
151,Port Hedland,-20.32,118.57,69.8,15,27,14.99,scattered clouds,0,0.0,AU
152,Naze,28.37,129.48,86.0,84,75,8.05,broken clouds,0,0.0,JP
153,Maniitsoq,65.42,-52.9,47.77,72,100,13.98,overcast clouds,0,0.0,GL
154,Kalmunai,7.42,81.82,80.44,77,100,5.46,overcast clouds,0,0.0,LK
155,Samana,19.21,-69.34,79.65,87,95,6.31,overcast clouds,0,0.0,DO
156,Paris,48.85,2.35,64.99,55,100,9.17,overcast clouds,0,0.0,FR
157,Chibombo,-14.66,28.07,57.49,51,0,8.43,clear sky,0,0.0,ZM
158,Honiara,-9.43,159.95,86.0,79,75,9.17,broken clouds,0,0.0,SB
159,Neuquen,-38.95,-68.06,44.6,52,100,4.7,overcast clouds,0,0.0,AR
160,Puerto Ayora,-0.74,-90.35,68.0,91,46,7.72,scattered clouds,0,0.0,EC
161,Dikson,73.51,80.55,41.22,96,100,5.93,overcast clouds,0,0.0,RU
162,Komsomolskiy,40.43,71.72,73.4,53,80,4.7,broken clouds,0,0.0,UZ
163,Pokrovsk,48.28,37.18,64.38,91,73,7.67,broken clouds,0,0.0,UA
164,Dauphin,51.15,-100.05,77.0,61,1,5.82,clear sky,0,0.0,CA
165,Novobohdanivka,47.08,35.33,66.51,91,0,7.0,clear sky,0,0.0,UA
166,Sakakah,29.97,40.21,80.29,28,0,10.58,clear sky,0,0.0,SA
167,Pundaguitan,6.37,126.17,83.03,67,16,2.64,few clouds,0,0.0,PH
168,Beringovskiy,63.05,179.32,51.19,81,100,9.42,overcast clouds,0,0.0,RU
169,Letlhakane,-21.42,25.58,42.1,60,0,8.34,clear sky,0,0.0,BW
170,Baruun-Urt,46.68,113.28,70.2,66,100,2.91,overcast clouds,0,0.0,MN
171,Airai,-8.93,125.41,66.56,72,100,5.91,overcast clouds,0,0.0,TL
172,Shingu,33.73,135.98,75.2,69,75,1.12,shower rain,0,0.0,JP
173,Raudeberg,61.99,5.14,53.6,81,26,5.82,scattered clouds,0,0.0,NO
174,Yunyang,33.45,112.71,75.34,70,68,6.15,broken clouds,0,0.0,CN
175,Severo-Kurilsk,50.68,156.12,50.14,91,100,7.87,overcast clouds,0,0.0,RU
176,Ribeira Grande,38.52,-28.7,68.86,82,8,15.84,clear sky,0,0.0,PT
177,Taketa,32.97,131.38,75.0,88,100,1.01,overcast clouds,0,0.0,JP
178,Joshimath,30.57,79.57,66.65,49,35,3.04,scattered clouds,0,0.0,IN
179,Nemuro,43.32,145.57,60.8,87,75,3.36,broken clouds,0,0.0,JP
180,Kenai,60.55,-151.26,59.0,72,90,9.17,overcast clouds,0,0.0,US
181,Port Blair,11.67,92.75,82.69,78,100,14.47,overcast clouds,0,0.0,IN
182,Qasigiannguit,68.82,-51.19,48.2,70,2,1.12,clear sky,0,0.0,GL
183,College,64.86,-147.8,71.6,30,75,6.93,broken clouds,0,0.0,US
184,Analipsis,35.32,25.57,80.01,53,0,13.87,clear sky,0,0.0,GR
185,Gushikawa,26.35,127.87,87.8,70,1,8.05,clear sky,0,0.0,JP
186,Sao Gabriel Da Cachoeira,-0.13,-67.09,73.11,95,30,1.28,scattered clouds,0,0.0,BR
187,Atasu,48.68,71.64,69.75,71,0,9.48,clear sky,0,0.0,KZ
188,Rexburg,43.83,-111.79,84.2,20,1,20.8,clear sky,0,0.0,US
189,Xuddur,4.12,43.89,71.74,82,0,17.67,clear sky,0,0.0,SO
190,Anloga,5.79,0.9,75.2,88,20,6.93,few clouds,0,0.0,GH
191,Jalu,29.03,21.55,75.52,48,0,15.3,clear sky,0,0.0,LY
192,Vestmannaeyjar,63.44,-20.27,50.72,93,100,9.89,light rain,0,0.63,IS
193,Pisco,-13.7,-76.22,61.0,87,40,4.7,mist,0,0.0,PE
194,Fortuna,40.6,-124.16,71.01,68,1,18.34,clear sky,0,0.0,US
195,Wajir,1.75,40.06,73.72,72,29,14.2,scattered clouds,0,0.0,KE
196,Mon,26.75,95.1,72.46,94,100,1.81,light rain,0,0.76,IN
197,Sorland,67.67,12.69,51.71,83,0,8.03,clear sky,0,0.0,NO
198,Arkhangelsk,64.54,40.54,50.0,100,90,2.13,fog,0,0.0,RU
199,Bathsheba,13.22,-59.52,82.4,78,20,14.99,few clouds,0,0.0,BB
200,Kloulklubed,7.04,134.26,77.0,94,90,5.82,light intensity shower rain,0,0.0,PW
201,Asau,46.43,26.4,53.01,91,98,4.68,overcast clouds,0,0.0,RO
202,Mahebourg,-20.41,57.7,69.8,83,75,12.75,shower rain,0,0.0,MU
203,Montepuez,-13.13,39.0,62.51,96,51,7.11,broken clouds,0,0.0,MZ
204,Vila Velha,-20.33,-40.29,73.4,73,34,6.93,scattered clouds,0,0.0,BR
205,Laguna,38.42,-121.42,102.99,10,1,9.17,clear sky,0,0.0,US
206,Berbera,10.44,45.01,91.26,39,68,39.15,broken clouds,0,0.0,SO
207,Gao,16.64,1.64,91.71,31,65,9.42,broken clouds,0,0.0,ML
208,Coihaique,-45.58,-72.07,30.2,86,20,2.24,few clouds,0,0.0,CL
209,Tiksi,71.69,128.87,64.6,53,0,4.25,clear sky,0,0.0,RU
210,Kruisfontein,-34.0,24.73,56.34,35,0,12.03,clear sky,0,0.0,ZA
211,Kamiiso,41.82,140.65,66.2,82,75,3.36,broken clouds,0,0.0,JP
212,Yuzhnyy-Kospashskiy,58.97,57.75,61.0,87,4,2.24,clear sky,0,0.0,RU
213,Mount Gambier,-37.83,140.77,48.2,100,0,4.36,clear sky,0,0.0,AU
214,Bengkulu,-3.8,102.27,77.05,85,76,2.44,broken clouds,0,0.0,ID
215,Hojai,26.0,92.87,77.92,92,100,3.36,overcast clouds,0,0.0,IN
216,Burdur,37.72,30.29,69.8,56,0,21.92,clear sky,0,0.0,TR
217,Kemijarvi,66.71,27.43,46.85,85,39,3.6,scattered clouds,0,0.0,FI
218,Saint Cloud,45.56,-94.16,80.6,44,1,3.36,clear sky,0,0.0,US
219,Manggar,-2.88,108.27,81.41,81,100,14.2,moderate rain,0,1.67,ID
220,Staryy Nadym,65.61,72.68,59.11,89,100,12.57,light rain,0,0.95,RU
221,Eufaula,31.89,-85.15,73.4,94,1,3.36,clear sky,0,0.0,US
222,Hamilton,39.18,-84.53,75.2,73,1,5.44,clear sky,0,0.0,US
223,Port Lincoln,-34.73,135.87,55.9,74,100,3.11,overcast clouds,0,0.0,AU
224,Gat,31.61,34.76,73.99,83,16,3.0,few clouds,0,0.0,IL
225,Preobrazheniye,42.9,133.91,63.99,79,57,4.36,broken clouds,0,0.0,RU
226,Terrace,54.52,-128.6,62.6,59,75,16.11,broken clouds,0,0.0,CA
227,Pasighat,28.07,95.33,76.86,87,100,1.43,light rain,0,0.44,IN
228,Blagoyevo,63.37,47.92,50.38,92,13,5.17,few clouds,0,0.0,RU
229,Evensk,61.95,159.23,64.22,73,47,9.26,scattered clouds,0,0.0,RU
230,Dargaville,-35.93,173.88,61.97,76,18,9.69,few clouds,0,0.0,NZ
231,Alta Floresta,-9.88,-56.09,74.48,51,0,2.57,clear sky,0,0.0,BR
232,Itoman,26.12,127.67,87.8,74,75,10.29,broken clouds,0,0.0,JP
233,Ostersund,63.18,14.64,44.6,87,4,13.87,clear sky,0,0.0,SE
234,Bilibino,68.05,166.44,61.3,78,100,3.76,light rain,0,0.81,RU
235,Murray Bridge,-35.12,139.27,54.0,96,0,5.79,clear sky,0,0.0,AU
236,Bethel,41.37,-73.41,79.0,61,1,6.58,clear sky,0,0.0,US
237,Sapele,5.89,5.68,73.98,95,100,2.64,overcast clouds,0,0.0,NG
238,Nuuk,64.18,-51.72,51.01,66,76,5.01,broken clouds,0,0.0,GL
239,Urozhaynoye,44.79,44.92,76.86,46,100,5.95,overcast clouds,0,0.0,RU
240,Manzil Salim,35.86,8.48,77.0,44,0,9.17,clear sky,0,0.0,TN
241,Juba,4.85,31.58,68.34,95,94,1.34,overcast clouds,0,0.0,SS
242,Phalombe,-15.81,35.65,58.95,87,51,4.76,broken clouds,0,0.0,MW
243,Verkhnetulomskiy,68.61,31.8,46.4,93,90,2.24,overcast clouds,0,0.0,RU
244,Ambilobe,-13.2,49.05,64.31,82,1,3.13,clear sky,0,0.0,MG
245,Castro,-24.79,-50.01,58.1,88,5,4.76,clear sky,0,0.0,BR
246,Kaitangata,-46.28,169.85,46.99,65,31,8.99,scattered clouds,0,0.0,NZ
247,Biak,-0.91,122.88,80.4,76,100,7.29,overcast clouds,0,0.0,ID
248,Haines Junction,60.75,-137.51,62.85,41,56,10.4,broken clouds,0,0.0,CA
249,Pacific Grove,36.62,-121.92,75.99,46,1,8.05,clear sky,0,0.0,US
250,Luba,3.46,8.55,76.33,86,97,8.03,light rain,0,0.6,GQ
251,Saint-Augustin,51.23,-58.65,60.73,97,100,12.48,overcast clouds,0,0.0,CA
252,Borovichi,58.39,33.92,53.4,92,100,3.36,overcast clouds,0,0.0,RU
253,Prince Rupert,54.32,-130.32,59.0,77,1,6.93,clear sky,0,0.0,CA
254,Naron,43.52,-8.15,64.99,82,0,13.0,clear sky,0,0.0,ES
255,Husavik,66.04,-17.34,51.8,87,20,2.24,light intensity drizzle,0,0.0,IS
256,Baiao,-2.79,-49.67,78.84,73,87,0.78,overcast clouds,0,0.0,BR
257,Muros,42.78,-9.06,68.0,63,0,8.99,clear sky,0,0.0,ES
258,Praia Da Vitoria,38.73,-27.07,68.0,88,20,8.3,few clouds,0,0.0,PT
259,Christchurch,-43.53,172.63,51.01,66,62,1.12,broken clouds,0,0.0,NZ
260,Ustupo,9.13,-77.93,78.4,78,7,3.22,clear sky,0,0.0,PA
261,Antofagasta,-23.65,-70.4,57.2,71,90,4.7,overcast clouds,0,0.0,CL
262,Beaverlodge,55.22,-119.44,64.4,42,75,18.34,broken clouds,0,0.0,CA
263,Manicore,-5.81,-61.3,73.81,90,27,0.49,scattered clouds,0,0.0,BR
264,Mount Isa,-20.73,139.5,57.2,35,0,18.34,clear sky,0,0.0,AU
265,Tessalit,20.2,1.01,88.81,33,0,12.01,clear sky,0,0.0,ML
266,San Jeronimo,-11.95,-75.28,49.66,66,5,3.98,clear sky,0,0.0,PE
267,Oyon,-10.67,-76.77,45.82,58,12,2.8,few clouds,0,0.0,PE
268,Vieques,18.43,-65.83,84.2,83,40,9.17,light rain,0,0.0,PR
269,Lata,40.16,-8.33,72.0,73,0,2.75,clear sky,0,0.0,PT
270,Sur,22.57,59.53,84.99,68,71,7.11,broken clouds,0,0.0,OM
271,Port Hardy,50.7,-127.42,57.2,87,90,5.82,light intensity shower rain,0,0.0,CA
272,Rio Grande,-32.03,-52.1,43.0,98,100,14.16,overcast clouds,0,0.0,BR
273,Cathedral City,33.78,-116.47,118.4,9,1,18.34,clear sky,0,0.0,US
274,Aklavik,68.22,-135.01,59.0,67,90,5.82,light intensity shower rain,0,0.0,CA
275,Rapid Valley,44.06,-103.15,93.2,40,1,13.87,clear sky,0,0.0,US
276,Ancud,-41.87,-73.82,37.0,73,60,1.12,broken clouds,0,0.0,CL
277,Harper,4.38,-7.72,74.57,80,65,6.73,broken clouds,0,0.0,LR
278,Monte Alegre De Minas,-18.87,-48.88,69.8,52,45,5.82,scattered clouds,0,0.0,BR
279,Pandamatenga,-18.53,25.63,46.96,48,0,4.18,clear sky,0,0.0,BW
280,Alofi,-19.06,-169.92,73.4,94,16,21.92,few clouds,0,0.0,NU
281,Cururupu,-1.83,-44.87,74.17,90,9,2.46,clear sky,0,0.0,BR
282,Patan,27.67,85.33,69.8,100,90,2.26,light rain,0,0.0,NP
283,Zanjan,36.67,48.48,65.89,63,96,5.06,overcast clouds,0,0.0,IR
284,Kailua,21.4,-157.74,84.2,54,90,11.41,overcast clouds,0,0.0,US
285,Golden,39.76,-105.22,84.99,20,75,7.11,broken clouds,0,0.0,US
286,Walvis Bay,-22.96,14.51,54.0,100,0,3.36,clear sky,0,0.0,NA
287,Kampot,10.62,104.18,77.0,94,75,10.29,thunderstorm with heavy rain,0,0.0,KH
288,Tortoli,39.93,9.66,73.4,83,5,8.05,clear sky,0,0.0,IT
289,Kajaani,64.23,27.73,48.2,100,100,3.36,fog,0,0.0,FI
290,Karratha,-20.74,116.85,67.24,25,0,19.62,clear sky,0,0.0,AU
291,Huangchuan,32.13,115.04,69.69,94,100,5.1,light rain,0,0.11,CN
292,Willowmore,-33.29,23.49,50.41,43,0,23.17,clear sky,0,0.0,ZA
293,Tahta,26.77,31.5,77.22,45,0,9.06,clear sky,0,0.0,EG
294,Kavieng,-2.57,150.8,84.58,65,19,4.41,few clouds,0,0.0,PG
295,Erenhot,43.65,111.98,73.09,56,100,11.95,overcast clouds,0,0.0,CN
296,Chon Daen,16.19,100.86,75.2,100,20,2.21,few clouds,0,0.0,TH
297,Lompoc,34.64,-120.46,71.01,64,0,13.87,clear sky,0,0.0,US
298,Camden,39.78,-74.97,84.0,73,1,4.32,light rain,0,0.23,US
299,Turukhansk,65.82,87.98,62.65,65,0,8.01,clear sky,0,0.0,RU
300,Dosso,13.05,3.19,79.05,67,98,19.77,overcast clouds,0,0.0,NE
301,Kjopsvik,68.1,16.37,50.0,93,95,11.41,overcast clouds,0,0.0,NO
302,Marawi,8.0,124.29,82.99,73,94,5.99,overcast clouds,0,0.0,PH
303,Takoradi,4.88,-1.76,73.87,91,27,7.45,scattered clouds,0,0.0,GH
304,Ahipara,-35.17,173.17,60.49,80,67,12.03,broken clouds,0,0.0,NZ
305,Saskylakh,71.92,114.08,63.32,58,100,17.45,overcast clouds,0,0.0,RU
306,Lakes Entrance,-37.88,147.98,57.0,89,1,8.01,light rain,0,0.15,AU
307,Okhotsk,59.38,143.3,69.01,54,63,8.48,broken clouds,0,0.0,RU
308,Tiarei,-17.53,-149.33,82.4,61,75,3.36,broken clouds,0,0.0,PF
309,Iqaluit,63.75,-68.51,55.4,71,40,10.29,shower rain,0,0.0,CA
310,Bako,5.78,36.57,65.62,73,100,1.83,overcast clouds,0,0.0,ET
311,Duiwelskloof,-23.69,30.14,43.59,72,0,3.56,clear sky,0,0.0,ZA
312,Palu,-0.89,119.87,80.2,78,90,0.69,light rain,0,0.47,ID
313,Puerto Escondido,15.85,-97.07,84.2,66,90,5.82,overcast clouds,0,0.0,MX
314,Kavaratti,10.57,72.64,83.03,75,100,10.33,light rain,0,0.21,IN
315,Tevaitoa,-16.78,-151.5,79.21,77,100,14.94,light rain,0,0.13,PF
316,Namibe,-15.2,12.15,62.85,77,0,9.04,clear sky,0,0.0,AO
317,Masvingo,-20.06,30.83,43.81,77,0,3.69,clear sky,0,0.0,ZW
318,Sept-Iles,50.2,-66.38,68.0,88,90,4.7,overcast clouds,0,0.0,CA
319,Los Llanos De Aridane,28.66,-17.92,71.6,78,75,13.87,broken clouds,0,0.0,ES
320,Petropavlovsk-Kamchatskiy,53.05,158.65,62.6,82,75,4.47,broken clouds,0,0.0,RU
321,Talnakh,69.49,88.4,57.2,67,40,8.95,scattered clouds,0,0.0,RU
322,Nebbi,2.48,31.09,65.52,84,83,3.94,broken clouds,0,0.0,UG
323,Hay River,60.82,-115.8,66.2,63,75,3.36,broken clouds,0,0.0,CA
324,Henties Bay,-22.12,14.28,54.0,94,0,3.0,clear sky,0,0.0,NA
325,Lavrentiya,65.58,-171.0,45.77,76,13,7.4,few clouds,0,0.0,RU
326,Guarapari,-20.67,-40.5,73.4,73,8,6.93,clear sky,0,0.0,BR
327,Constitucion,-35.33,-72.42,52.65,84,100,5.61,overcast clouds,0,0.0,CL
328,Klaksvik,62.23,-6.59,50.0,87,100,17.22,light rain,0,0.64,FO
329,Bonavista,48.65,-53.11,57.0,85,100,5.99,moderate rain,0,1.17,CA
330,Pauini,-7.71,-66.98,72.79,96,100,2.59,light rain,0,1.0,BR
331,Rocha,-34.48,-54.33,42.01,67,0,9.55,clear sky,0,0.0,UY
332,Adrasmon,40.65,69.99,75.2,44,20,4.47,few clouds,0,0.0,TJ
333,Half Moon Bay,37.46,-122.43,87.01,77,1,11.41,haze,0,0.0,US
334,Port Hope,43.94,-82.71,68.0,68,0,11.61,clear sky,0,0.0,US
335,Parangan,5.08,119.94,83.08,70,100,4.56,overcast clouds,0,0.0,PH
336,Cukai,4.25,103.42,77.0,94,40,2.24,light rain,0,0.0,MY
337,Dayong,25.02,118.29,89.6,70,74,4.47,broken clouds,0,0.0,CN
338,San Borja,-14.82,-66.85,74.7,77,35,1.74,scattered clouds,0,0.0,BO
339,Skeldon,5.88,-57.13,77.02,92,100,6.31,light rain,0,0.22,GY
340,Lorengau,-2.02,147.27,85.98,62,51,5.32,broken clouds,0,0.0,PG
341,Trinidad,-14.83,-64.9,74.32,73,89,2.28,overcast clouds,0,0.0,BO
342,Karaton,-6.34,106.1,82.4,74,20,3.36,haze,0,0.0,ID
343,Guerrero Negro,27.98,-114.06,78.46,47,0,20.18,clear sky,0,0.0,MX
344,Tautira,-17.73,-149.15,82.4,61,75,3.36,broken clouds,0,0.0,PF
345,Sao Joao Da Barra,-21.64,-41.05,71.29,85,0,14.7,clear sky,0,0.0,BR
346,Coquimbo,-29.95,-71.34,55.4,82,67,3.36,broken clouds,0,0.0,CL
347,Hammerfest,70.66,23.68,48.2,81,93,3.36,light rain,0,0.7,NO
348,Ostrovnoy,68.05,39.51,47.82,92,100,7.99,overcast clouds,0,0.0,RU
349,Oyama,36.3,139.8,73.99,72,75,8.05,broken clouds,0,0.0,JP
350,Timbiqui,2.77,-77.67,77.47,89,99,3.76,overcast clouds,0,0.0,CO
351,New London,41.36,-72.1,78.01,73,1,6.93,clear sky,0,0.0,US
352,Tabou,4.42,-7.35,74.55,79,99,6.58,overcast clouds,0,0.0,CI
353,Boyabat,41.47,34.77,62.64,59,0,4.92,clear sky,0,0.0,TR
354,Derzhavinsk,51.1,66.32,66.54,72,0,8.81,clear sky,0,0.0,KZ
355,Husum,54.49,9.05,52.0,100,91,4.7,overcast clouds,0,0.0,DE
356,Fushun,41.86,123.92,77.0,83,98,2.24,mist,0,0.0,CN
357,Faanui,-16.48,-151.75,78.82,76,100,14.94,overcast clouds,0,0.0,PF
358,Ballina,-28.87,153.57,62.6,63,100,10.29,overcast clouds,0,0.0,AU
359,Acapulco,16.86,-99.89,86.0,74,75,3.36,broken clouds,0,0.0,MX
360,Tjome,59.11,10.39,55.4,54,0,5.82,clear sky,0,0.0,NO
361,Harnosand,62.63,17.94,51.01,93,100,4.7,moderate rain,0,1.35,SE
362,Vernon,50.26,-119.27,55.99,78,100,2.08,moderate rain,0,2.28,CA
363,Vetlanda,57.43,15.08,55.4,87,18,9.17,few clouds,0,0.0,SE
364,Merrill,45.18,-89.68,75.2,56,1,5.82,clear sky,0,0.0,US
365,Yar-Sale,66.83,70.83,51.37,96,100,13.04,moderate rain,0,1.07,RU
366,Ola,59.58,151.28,61.5,74,5,5.86,clear sky,0,0.0,RU
367,Salinopolis,-0.61,-47.36,79.57,84,75,11.54,broken clouds,0,0.0,BR
368,Kurchum,48.57,83.65,65.84,60,0,2.42,clear sky,0,0.0,KZ
369,Merauke,-8.47,140.33,79.3,80,100,16.58,light rain,0,0.14,ID
370,Manavalakurichi,8.13,77.3,80.6,88,40,2.24,mist,0,0.0,IN
371,Saurimo,-9.66,20.39,65.23,39,0,7.74,clear sky,0,0.0,AO
372,Nome,64.5,-165.41,69.01,63,1,12.75,clear sky,0,0.0,US
373,Makokou,0.57,12.86,69.08,97,21,3.53,light rain,0,0.52,GA
374,Turinsk,58.05,63.7,64.38,81,0,6.67,clear sky,0,0.0,RU
375,Tiznit,29.58,-9.5,81.81,37,5,2.3,clear sky,0,0.0,MA
376,Ilulissat,69.22,-51.1,48.2,70,78,1.12,broken clouds,0,0.0,GL
377,Novikovo,51.15,37.89,64.44,78,100,6.06,overcast clouds,0,0.0,RU
378,Along,28.17,94.77,73.44,90,100,0.45,light rain,0,0.67,IN
379,General Roca,-39.03,-67.58,44.6,52,100,4.7,overcast clouds,0,0.0,AR
380,Kamalia,30.73,72.65,88.25,62,0,6.46,clear sky,0,0.0,PK
381,Tasiilaq,65.61,-37.64,37.4,86,0,9.17,clear sky,0,0.0,GL
382,Xining,36.62,101.77,63.01,55,99,0.6,overcast clouds,0,0.0,CN
383,Poronaysk,49.22,143.12,59.72,85,60,4.61,broken clouds,0,0.0,RU
384,Rabat,33.99,-6.84,72.0,88,75,8.05,broken clouds,0,0.0,MA
385,Bambous Virieux,-20.34,57.76,73.0,83,75,12.75,shower rain,0,0.0,MU
386,Maumere,-8.62,122.21,82.36,64,43,5.53,scattered clouds,0,0.0,ID
387,Haradok,55.46,29.98,48.13,95,100,4.03,overcast clouds,0,0.0,BY
388,Lubao,14.92,120.55,80.6,83,90,4.7,overcast clouds,0,0.0,PH
389,Tucuma,-0.18,-50.05,77.81,87,67,7.27,broken clouds,0,0.0,BR
390,Arkhangelskoye,55.85,35.33,51.8,96,93,8.63,overcast clouds,0,0.0,RU
391,Taoudenni,22.68,-3.98,95.23,31,4,6.13,clear sky,0,0.0,ML
392,Esna,25.29,32.55,82.29,22,0,10.83,clear sky,0,0.0,EG
393,Marystown,47.17,-55.15,60.6,97,100,14.56,light rain,0,0.14,CA
394,Altay,47.87,88.12,65.21,46,21,3.11,few clouds,0,0.0,CN
395,Upernavik,72.79,-56.15,41.45,89,78,9.22,broken clouds,0,0.0,GL
396,Broken Hill,-31.95,141.43,44.6,87,90,14.99,overcast clouds,0,0.0,AU
397,Tegh,39.56,46.48,59.34,74,14,5.82,few clouds,0,0.0,AM
398,Cooma,-36.23,149.13,42.8,100,90,17.22,overcast clouds,0,0.0,AU
399,Cabedelo,-6.98,-34.83,73.4,88,0,4.7,clear sky,0,0.0,BR
400,Gondar,12.6,37.47,58.55,89,100,2.13,light rain,0,0.44,ET
401,Pangai,-19.8,-174.35,78.8,69,40,19.46,scattered clouds,0,0.0,TO
402,Majene,-3.54,118.97,76.37,90,100,9.98,moderate rain,0,1.58,ID
403,Hohhot,40.81,111.65,66.2,88,20,2.24,few clouds,0,0.0,CN
404,George Town,5.41,100.34,80.6,94,20,4.88,few clouds,0,0.0,MY
405,Shieli,44.17,66.75,77.16,21,0,13.15,clear sky,0,0.0,KZ
406,Grosuplje,45.96,14.66,52.0,83,0,1.45,clear sky,0,0.0,SI
407,Basse,52.55,9.51,55.0,93,80,1.12,broken clouds,0,0.0,DE
408,Swift Current,50.28,-107.8,73.4,60,1,4.7,clear sky,0,0.0,CA
409,Kendari,-3.94,122.5,79.41,84,64,2.28,light rain,0,0.2,ID
410,Bandar,2.05,99.75,72.73,94,100,1.97,overcast clouds,0,0.0,ID
411,Dukat,62.55,155.55,67.71,39,6,3.31,clear sky,0,0.0,RU
412,San Policarpo,12.18,125.51,84.25,70,100,4.23,overcast clouds,0,0.0,PH
413,Misratah,32.38,15.09,75.79,79,0,9.69,clear sky,0,0.0,LY
414,Grants,35.15,-107.85,84.2,18,90,17.22,overcast clouds,0,0.0,US
415,Rawah,34.48,41.91,83.57,42,0,10.09,clear sky,0,0.0,IQ
416,Fenoarivo,-18.93,47.44,55.4,93,75,5.82,broken clouds,0,0.0,MG
417,Kamaishi,39.27,141.88,62.6,93,75,2.24,light intensity shower rain,0,0.0,JP
418,Puerto Madero,14.72,-92.42,84.2,83,75,4.7,broken clouds,0,0.0,MX
419,Ipora,-16.44,-51.12,70.72,66,14,2.84,few clouds,0,0.0,BR
420,Hearst,49.68,-83.67,62.17,66,44,3.42,scattered clouds,0,0.0,CA
421,Nanortalik,60.14,-45.24,45.97,88,100,4.23,light rain,0,0.2,GL
422,Tuatapere,-46.13,167.68,46.27,68,50,4.32,scattered clouds,0,0.0,NZ
423,Orange Walk,17.83,-88.83,86.0,70,20,6.93,few clouds,0,0.0,BZ
424,Broome,42.25,-75.83,69.01,93,90,5.82,moderate rain,0,1.78,US
425,Kokopo,-4.35,152.26,82.53,69,88,2.71,overcast clouds,0,0.0,PG
426,Toora-Khem,52.47,96.11,66.2,59,82,1.03,broken clouds,0,0.0,RU
427,Tacuati,-23.45,-56.58,75.51,62,96,1.99,overcast clouds,0,0.0,PY
428,Conceicao Do Araguaia,-8.26,-49.26,77.56,42,34,2.24,scattered clouds,0,0.0,BR
429,Fort-Shevchenko,44.51,50.26,80.82,44,0,13.58,clear sky,0,0.0,KZ
430,Aldan,58.6,125.39,83.26,46,70,4.0,broken clouds,0,0.0,RU
431,Adrar,20.5,-10.07,92.32,32,64,9.82,broken clouds,0,0.0,MR
432,Ust-Kulom,61.69,53.69,56.39,78,0,7.67,clear sky,0,0.0,RU
433,Kapit,2.02,112.93,77.5,85,100,1.9,overcast clouds,0,0.0,MY
434,Moroto,2.53,34.67,64.51,81,9,2.17,light rain,0,0.28,UG
435,Abu Kamal,34.45,40.92,80.31,42,0,10.65,clear sky,0,0.0,SY
436,Ponta Delgada,37.73,-25.67,66.2,77,40,4.7,scattered clouds,0,0.0,PT
437,Katsuura,35.13,140.3,73.99,75,100,10.29,overcast clouds,0,0.0,JP
438,Peleduy,59.63,112.74,71.28,71,100,4.52,overcast clouds,0,0.0,RU
439,Vagay,57.94,69.02,64.53,73,27,6.73,scattered clouds,0,0.0,RU
440,Kerema,-7.96,145.78,83.53,72,0,3.47,clear sky,0,0.0,PG
441,Mangrol,21.12,70.12,82.92,82,87,14.61,light rain,0,0.47,IN
442,Masumbwe,-3.63,32.18,70.47,43,96,3.91,overcast clouds,0,0.0,TZ
443,Katav-Ivanovsk,54.75,58.2,64.24,88,0,2.28,clear sky,0,0.0,RU
444,Jining,35.41,116.58,71.89,83,98,7.85,overcast clouds,0,0.0,CN
445,Bermeo,43.42,-2.72,66.99,88,75,1.12,broken clouds,0,0.0,ES
446,Abbeville,50.1,1.83,54.0,81,0,3.78,clear sky,0,0.0,FR
447,Oktyabrskiy,54.48,53.47,62.42,83,36,4.43,scattered clouds,0,0.0,RU
448,Grenfell,-33.9,148.17,45.18,90,94,5.97,overcast clouds,0,0.0,AU
449,Byron Bay,-28.65,153.62,62.6,63,94,10.29,overcast clouds,0,0.0,AU
450,Ust-Kuyga,70.02,135.6,80.51,34,100,7.14,overcast clouds,0,0.0,RU
451,Sioux Lookout,50.1,-91.92,75.2,50,40,4.7,scattered clouds,0,0.0,CA
452,Mahajanga,-15.72,46.32,68.0,72,20,2.24,few clouds,0,0.0,MG
453,Beloha,-25.17,45.05,61.79,86,12,5.46,few clouds,0,0.0,MG
454,Praya,14.92,-23.51,78.8,83,75,9.17,broken clouds,0,0.0,CV
455,Hasaki,35.73,140.83,72.0,93,75,3.36,broken clouds,0,0.0,JP
456,Vao,-22.67,167.48,72.12,78,96,18.63,overcast clouds,0,0.0,NC
457,Tazovskiy,67.47,78.7,51.57,82,100,9.46,light rain,0,0.13,RU
458,Asfi,32.3,-9.24,70.18,88,0,12.48,clear sky,0,0.0,MA
459,Te Anau,-45.42,167.72,42.24,75,3,0.11,clear sky,0,0.0,NZ
460,Eyl,7.98,49.82,81.61,65,35,26.8,scattered clouds,0,0.0,SO
461,Salalah,17.02,54.09,80.6,94,90,3.36,drizzle,0,0.0,OM
462,San Carlos,9.66,-68.58,73.98,92,90,2.62,overcast clouds,0,0.0,VE
463,Matara,5.95,80.54,79.21,88,100,8.34,overcast clouds,0,0.0,LK
464,Gavrilov Posad,56.56,40.12,58.46,97,15,5.37,few clouds,0,0.0,RU
465,Grindavik,63.84,-22.43,48.2,93,75,4.7,broken clouds,0,0.0,IS
466,Oktyabrskoye,43.06,44.74,65.41,63,99,3.67,overcast clouds,0,0.0,RU
467,Lac Du Bonnet,50.25,-96.06,79.0,99,0,4.0,clear sky,0,0.0,CA
468,Khorixas,-20.37,14.97,52.81,43,0,4.74,clear sky,0,0.0,NA
469,Lazarev,52.23,141.51,55.65,89,99,3.11,overcast clouds,0,0.0,RU
470,High Level,58.52,-117.14,68.0,52,90,6.93,overcast clouds,0,0.0,CA
471,Havre-Saint-Pierre,50.23,-63.6,69.8,94,90,3.36,overcast clouds,0,0.0,CA
472,Shenjiamen,29.96,122.3,79.75,88,98,9.08,overcast clouds,0,0.0,CN
473,Robertsport,6.75,-11.37,76.42,82,56,10.63,broken clouds,0,0.0,LR
474,Soe,-9.86,124.28,72.79,73,35,8.88,scattered clouds,0,0.0,ID
475,Korla,41.76,86.15,70.0,73,85,1.99,overcast clouds,0,0.0,CN
476,Heihe,50.24,127.49,80.6,61,0,4.47,clear sky,0,0.0,CN
477,Bose,45.46,8.01,70.0,79,96,1.01,overcast clouds,0,0.0,IT
478,Mahibadhoo,3.78,72.97,83.21,72,27,5.82,scattered clouds,0,0.0,MV
479,Nova Olinda Do Norte,-3.89,-59.09,79.12,73,55,0.67,broken clouds,0,0.0,BR
480,Siddapur,14.33,74.88,71.06,96,100,3.36,overcast clouds,0,0.0,IN
481,Huarmey,-10.07,-78.15,62.15,83,36,6.24,scattered clouds,0,0.0,PE
482,Saint-Raymond,45.47,-73.61,77.0,65,40,10.29,scattered clouds,0,0.0,CA
483,Ulaangom,49.98,92.07,62.49,76,28,1.05,scattered clouds,0,0.0,MN
484,Tarakan,3.3,117.63,78.96,79,85,5.55,overcast clouds,0,0.0,ID
485,Lake Charles,30.21,-93.2,91.4,66,5,12.75,clear sky,0,0.0,US
486,Aykhal,66.0,111.5,64.4,55,0,6.71,clear sky,0,0.0,RU
487,Young,-32.68,-57.63,48.0,52,2,1.01,clear sky,0,0.0,UY
488,Paita,-5.09,-81.11,63.63,84,33,15.21,scattered clouds,0,0.0,PE
489,Tupiza,-21.45,-65.72,48.42,33,0,5.08,clear sky,0,0.0,BO
490,Namatanai,-3.67,152.43,79.43,79,100,4.81,overcast clouds,0,0.0,PG
491,Hermitage,41.23,-80.45,73.4,56,75,8.05,broken clouds,0,0.0,US
492,Copiapo,-27.37,-70.33,51.8,87,0,9.17,clear sky,0,0.0,CL
493,Malartic,48.13,-78.13,62.6,88,90,4.7,overcast clouds,0,0.0,CA
494,Svetlaya,46.54,138.33,65.79,66,34,5.19,scattered clouds,0,0.0,RU
495,Paine,-33.82,-70.75,53.6,76,100,3.36,overcast clouds,0,0.0,CL
496,Clifton,40.86,-74.16,87.01,48,75,6.93,broken clouds,0,0.0,US
497,Banting,2.82,101.5,77.0,94,40,2.24,heavy intensity rain,0,0.0,MY
498,Novoagansk,61.94,76.66,60.35,77,59,8.25,broken clouds,0,0.0,RU
499,Tilichiki,60.47,166.1,51.39,93,100,6.69,overcast clouds,0,0.0,RU
500,Loa Janan,-0.58,117.09,73.83,97,100,0.38,light rain,0,0.3,ID
501,Sangar,63.92,127.47,77.81,62,69,5.17,broken clouds,0,0.0,RU
502,Hami,42.8,93.45,79.77,31,90,7.38,overcast clouds,0,0.0,CN
503,Yerbogachen,61.28,108.01,68.97,60,0,4.18,clear sky,0,0.0,RU
504,Zeya,53.75,127.27,88.43,46,0,3.04,clear sky,0,0.0,RU
505,Kiunga,-6.12,141.29,76.1,96,100,2.04,light rain,0,0.78,PG
506,Ixtapa,20.7,-105.2,82.0,88,90,4.7,overcast clouds,0,0.0,MX
507,Pimentel,-6.84,-79.93,62.22,88,0,12.15,clear sky,0,0.0,PE
508,Soyo,-6.13,12.37,71.82,83,79,8.16,broken clouds,0,0.0,AO
509,Zhigansk,66.77,123.37,71.24,50,100,4.52,overcast clouds,0,0.0,RU
510,Gravdal,68.12,13.5,50.41,79,10,2.08,clear sky,0,0.0,NO
511,Storforshei,66.4,14.52,45.0,92,79,3.38,broken clouds,0,0.0,NO
512,Dhangadhi,28.71,80.6,80.74,84,98,0.89,overcast clouds,0,0.0,NP
513,Andapa,-14.65,49.65,59.38,90,19,2.15,few clouds,0,0.0,MG
514,Lanigan,51.85,-105.03,75.24,71,4,4.34,clear sky,0,0.0,CA
515,Port Macquarie,-31.43,152.92,60.01,72,2,1.99,clear sky,0,0.0,AU
516,Nchelenge,-9.35,28.73,67.93,56,0,5.7,clear sky,0,0.0,ZM
517,Kahului,20.89,-156.47,89.6,43,40,25.28,scattered clouds,0,0.0,US
518,Buala,-8.14,159.59,83.12,78,83,12.55,moderate rain,0,1.07,SB
519,Mackay,-21.15,149.2,69.8,37,75,9.17,broken clouds,0,0.0,AU
520,Koumra,8.91,17.55,72.99,95,100,4.16,heavy intensity rain,0,5.74,TD
521,Chara,56.91,118.26,80.33,42,12,2.44,few clouds,0,0.0,RU
522,Ambatofinandrahana,-20.55,46.8,50.85,91,0,1.36,clear sky,0,0.0,MG
523,Douglas,41.3,-96.17,82.4,69,1,4.59,clear sky,0,0.0,US
524,Swan Hill,-35.34,143.55,55.24,73,6,12.77,clear sky,0,0.0,AU
525,Saint Anthony,45.02,-93.22,82.4,39,20,4.38,few clouds,0,0.0,US
526,Bayir,37.27,28.22,69.8,83,0,2.24,clear sky,0,0.0,TR
527,Batemans Bay,-35.72,150.18,54.0,89,100,3.0,light rain,0,0.49,AU
528,Aksarka,66.56,67.8,56.34,96,100,6.35,moderate rain,0,1.15,RU
529,Shache,38.42,77.24,79.88,26,85,4.32,overcast clouds,0,0.0,CN
530,Luena,-11.78,19.92,54.93,49,0,5.97,clear sky,0,0.0,AO
531,Malanje,-9.54,16.34,56.97,79,0,2.42,clear sky,0,0.0,AO
532,Geraldton,-28.77,114.6,55.4,66,40,17.22,scattered clouds,0,0.0,AU
533,Plettenberg Bay,-34.05,23.37,63.97,31,0,12.53,clear sky,0,0.0,ZA
534,Mizan Teferi,6.98,35.58,61.41,91,100,1.3,light rain,0,0.16,ET
535,Praia,14.92,-23.51,78.8,83,75,9.17,broken clouds,0,0.0,CV
536,Lukovetskiy,64.3,41.92,50.0,100,90,0.98,fog,0,0.0,RU
537,Omboue,-1.57,9.26,72.84,89,100,8.01,overcast clouds,0,0.0,GA
538,Lobito,-12.35,13.55,69.49,84,0,7.4,clear sky,0,0.0,AO
539,Iquique,-20.22,-70.14,60.8,67,90,5.82,overcast clouds,0,0.0,CL
540,Buribay,51.96,58.16,69.37,83,0,3.62,clear sky,0,0.0,RU
541,Bridgetown,13.1,-59.62,82.4,78,20,14.99,few clouds,0,0.0,BB
542,Sergeyevka,53.88,67.42,64.56,82,74,0.94,broken clouds,0,0.0,KZ
543,Kovdor,67.57,30.48,43.97,92,19,1.72,few clouds,0,0.0,RU
544,Durant,33.99,-96.37,95.0,44,1,6.93,clear sky,0,0.0,US
545,Kvam,61.67,9.69,40.14,74,39,2.3,scattered clouds,0,0.0,NO
546,Sotnikovo,51.88,107.48,68.0,77,20,4.47,few clouds,0,0.0,RU
547,Tomatlan,19.93,-105.25,82.04,71,100,2.39,overcast clouds,0,0.0,MX
548,Kazerun,29.62,51.65,75.76,20,0,1.86,clear sky,0,0.0,IR
